<?xml version="1.0" encoding="UTF-8"?>
<xpiwit>
    <pipeline>
        <item item_id="item_0055">
            <name>DiscreteGaussianImageFilter</name>
            <description>Gaussian smothing filter. Filters the image with a gaussian kernel defined by variance.</description>
            <input number_images="1" number_meta="0">
                <image item_id_ref="item_0051" number_of_output="1" type_number="0"/>
            </input>
            <output number_images="1" number_meta="0">
                <image number="1"/>
            </output>
            <arguments>
                <parameter key="WriteResult" value="0" type="3" description="Write output to disk"/>
                <parameter key="WriteMetaData" value="1" type="3" description="Write meta data to disk"/>
                <parameter key="MaxThreads" value="8" type="2" description="Define the maximum number of concurrent threads"/>
                <parameter key="Compression" value="1" type="3" description="If set to 1, compression is used for file saving."/>
                <parameter key="Precision" value="8" type="2" description="Switch between uint8 and uint16 result image types."/>
                <parameter key="Variance" value="2" type="1" description="Variance of the gaussian kernel."/>
                <parameter key="MaximumError" value="0.01" type="1" description="Maximum error of the gaussian function approximation."/>
                <parameter key="MaximumKernelWidth" value="32" type="2" description="Maximum kernel size in pixel."/>
                <parameter key="UseImageSpacing" value="1" type="3" description="Use the real spacing for the gaussian kernel creation."/>
            </arguments>
        </item>
        <item item_id="item_0056">
            <name>IntensityWindowingImageFilter</name>
            <description>Rescales the image min to max to the specified range</description>
            <input number_images="1" number_meta="0">
                <image item_id_ref="item_0057" number_of_output="1" type_number="0"/>
            </input>
            <output number_images="1" number_meta="0">
                <image number="1"/>
            </output>
            <arguments>
                <parameter key="WriteResult" value="1" type="3" description="Write output to disk"/>
                <parameter key="WriteMetaData" value="1" type="3" description="Write meta data to disk"/>
                <parameter key="MaxThreads" value="8" type="2" description="Define the maximum number of concurrent threads"/>
                <parameter key="Compression" value="1" type="3" description="If set to 1, compression is used for file saving."/>
                <parameter key="Precision" value="8" type="2" description="Switch between uint8 and uint16 result image types."/>
                <parameter key="InputMinimum" value="-1" type="1" description="The minimum value of the output image."/>
                <parameter key="InputMaximum" value="0.4" type="1" description="The maximum value of the output image."/>
                <parameter key="OutputMinimum" value="0" type="1" description="The minimum value of the output image."/>
                <parameter key="OutputMaximum" value="1" type="1" description="The maximum value of the output image."/>
            </arguments>
        </item>
        <item item_id="item_0009">
            <name>ImageReader</name>
            <description>Reads image from disk</description>
            <input number_images="1" number_meta="0">
                <image item_id_ref="cmd" number_of_output="0"/>
            </input>
            <output number_images="1" number_meta="0">
                <image number="1"/>
            </output>
            <arguments>
                <parameter key="WriteResult" value="0" type="3" description="Write output to disk"/>
                <parameter key="WriteMetaData" value="1" type="3" description="Write meta data to disk"/>
                <parameter key="MaxThreads" value="8" type="2" description="Define the maximum number of concurrent threads"/>
                <parameter key="Compression" value="1" type="3" description="If set to 1, compression is used for file saving."/>
                <parameter key="Precision" value="8" type="2" description="Switch between uint8 and uint16 result image types."/>
                <parameter key="UseSeriesReader" value="0" type="3" description="Combine separate 2D images to one 3D stack. Drag&amp;drop first file of the series and substitute the series index by %0nd, with n being the number of digits."/>
                <parameter key="SeriesMinIndex" value="0" type="2" description="Start index for the series reader"/>
                <parameter key="SeriesMaxIndex" value="60" type="2" description="End index for the series reader"/>
                <parameter key="SeriesIncrement" value="1" type="2" description="Index increment for the series reader"/>
                <parameter key="SpacingX" value="1" type="1" description="Original spacing in the first dimension"/>
                <parameter key="SpacingY" value="1" type="1" description="Original spacing in the second dimension"/>
                <parameter key="SpacingZ" value="2" type="1" description="Original spacing in the third dimension"/>
                <parameter key="InputMaximumValue" value="65535" type="1"/>
            </arguments>
        </item>
        <item item_id="item_0057">
            <name>DiscreteGaussianImageFilter</name>
            <description>Gaussian smothing filter. Filters the image with a gaussian kernel defined by variance.</description>
            <input number_images="1" number_meta="0">
                <image item_id_ref="item_0049" number_of_output="1" type_number="0"/>
            </input>
            <output number_images="1" number_meta="0">
                <image number="1"/>
            </output>
            <arguments>
                <parameter key="WriteResult" value="0" type="3" description="Write output to disk"/>
                <parameter key="WriteMetaData" value="1" type="3" description="Write meta data to disk"/>
                <parameter key="MaxThreads" value="8" type="2" description="Define the maximum number of concurrent threads"/>
                <parameter key="Compression" value="1" type="3" description="If set to 1, compression is used for file saving."/>
                <parameter key="Precision" value="8" type="2" description="Switch between uint8 and uint16 result image types."/>
                <parameter key="Variance" value="2" type="1" description="Variance of the gaussian kernel."/>
                <parameter key="MaximumError" value="0.01" type="1" description="Maximum error of the gaussian function approximation."/>
                <parameter key="MaximumKernelWidth" value="32" type="2" description="Maximum kernel size in pixel."/>
                <parameter key="UseImageSpacing" value="1" type="3" description="Use the real spacing for the gaussian kernel creation."/>
            </arguments>
        </item>
        <item item_id="item_0046">
            <name>MorphologicalWatershedFilter</name>
            <description>Morphological Watershed Filter. Performs watershed segmentation of the input image.</description>
            <input number_images="1" number_meta="0">
                <image item_id_ref="item_0056" number_of_output="1" type_number="0"/>
            </input>
            <output number_images="1" number_meta="0">
                <image number="1"/>
            </output>
            <arguments>
                <parameter key="WriteResult" value="1" type="3" description="Write output to disk"/>
                <parameter key="WriteMetaData" value="1" type="3" description="Write meta data to disk"/>
                <parameter key="MaxThreads" value="8" type="2" description="Define the maximum number of concurrent threads"/>
                <parameter key="Compression" value="1" type="3" description="If set to 1, compression is used for file saving."/>
                <parameter key="Precision" value="8" type="2" description="Switch between uint8 and uint16 result image types."/>
                <parameter key="Level" value="1000" type="1" description="Initial level of the watershed."/>
                <parameter key="MarkWatershedLine" value="1" type="3" description="If enabled, watershed lines are highlighted by zero values."/>
                <parameter key="Segment3D" value="1" type="3" description="Use a 3D watershed segmentation."/>
                <parameter key="FullyConnected" value="1" type="3" description="If enabled 8-neighborhood (2D) or 27-neighborhood (3D) is used."/>
                <parameter key="DebugOutput" value="0" type="3" description="If enabled some debug output is printed."/>
                <parameter key="MinSlice" value="0" type="2" description="If positive, only the slices larger than this number are processed."/>
                <parameter key="MaxSlice" value="10000" type="2" description="If positive, only the slices smaller than this number are processed."/>
            </arguments>
        </item>
        <item item_id="item_0033">
            <name>HessianToObjectnessMeasureImageFilter</name>
            <description>Uses the hessian eigenvalues to enhance specific structures in the image.</description>
            <input number_images="1" number_meta="0">
                <image item_id_ref="item_0055" number_of_output="1" type_number="1"/>
            </input>
            <output number_images="1" number_meta="0">
                <image number="1"/>
            </output>
            <arguments>
                <parameter key="WriteResult" value="0" type="3" description="Write output to disk"/>
                <parameter key="WriteMetaData" value="1" type="3" description="Write meta data to disk"/>
                <parameter key="MaxThreads" value="8" type="2" description="Define the maximum number of concurrent threads"/>
                <parameter key="Compression" value="1" type="3" description="If set to 1, compression is used for file saving."/>
                <parameter key="Precision" value="8" type="2" description="Switch between uint8 and uint16 result image types."/>
                <parameter key="Sigma" value="2" type="1" description="Variance used by the Hessian calculation."/>
                <parameter key="Alpha" value="1" type="1" description="Alpha parameter for the objectness filter."/>
                <parameter key="Beta" value="1" type="1" description="Beta parameter for the objectness filter."/>
                <parameter key="Gamma" value="0.01" type="1" description="Gamma parameter for the objectness filter."/>
                <parameter key="ScaleObjectnessMeasure" value="0" type="3" description="Scales the object measure if set on."/>
                <parameter key="ObjectDimension" value="2" type="2" description="Set the dimension of the objects about to be emphasized."/>
                <parameter key="BrightObject" value="1" type="3" description="Gamma parameter for the objectness filter."/>
                <parameter key="FilterMask3D" value="1" type="3" description="Enhance objects in a slice by slice manner."/>
            </arguments>
        </item>
        <item item_id="item_0034">
            <name>RescaleIntensityImageFilter</name>
            <description>Rescales the image from min to max for integer types and from 0 to 1 for float types</description>
            <input number_images="1" number_meta="0">
                <image item_id_ref="item_0009" number_of_output="1" type_number="0"/>
            </input>
            <output number_images="1" number_meta="0">
                <image number="1"/>
            </output>
            <arguments>
                <parameter key="WriteResult" value="0" type="3" description="Write output to disk"/>
                <parameter key="WriteMetaData" value="1" type="3" description="Write meta data to disk"/>
                <parameter key="MaxThreads" value="8" type="2" description="Define the maximum number of concurrent threads"/>
                <parameter key="Compression" value="1" type="3" description="If set to 1, compression is used for file saving."/>
                <parameter key="Precision" value="8" type="2" description="Switch between uint8 and uint16 result image types."/>
            </arguments>
        </item>
        <item item_id="item_0049">
            <name>AddImageFilter</name>
            <description>Pixel-wise addition of two images or a constant.</description>
            <input number_images="2" number_meta="0">
                <image item_id_ref="item_0033" number_of_output="1" type_number="0"/>
                <image item_id_ref="item_0034" number_of_output="1" type_number="0"/>
            </input>
            <output number_images="1" number_meta="0">
                <image number="1"/>
            </output>
            <arguments>
                <parameter key="WriteResult" value="0" type="3" description="Write output to disk"/>
                <parameter key="WriteMetaData" value="1" type="3" description="Write meta data to disk"/>
                <parameter key="MaxThreads" value="8" type="2" description="Define the maximum number of concurrent threads"/>
                <parameter key="Compression" value="1" type="3" description="If set to 1, compression is used for file saving."/>
                <parameter key="Precision" value="8" type="2" description="Switch between uint8 and uint16 result image types."/>
                <parameter key="Constant" value="0" type="1" description="If non-zero, this is used instead of the second input image for multiplication."/>
            </arguments>
        </item>
        <item item_id="item_0051">
            <name>IntensityWindowingImageFilter</name>
            <description>Rescales the image min to max to the specified range</description>
            <input number_images="1" number_meta="0">
                <image item_id_ref="item_0034" number_of_output="1" type_number="0"/>
            </input>
            <output number_images="1" number_meta="0">
                <image number="1"/>
            </output>
            <arguments>
                <parameter key="WriteResult" value="0" type="3" description="Write output to disk"/>
                <parameter key="WriteMetaData" value="1" type="3" description="Write meta data to disk"/>
                <parameter key="MaxThreads" value="8" type="2" description="Define the maximum number of concurrent threads"/>
                <parameter key="Compression" value="1" type="3" description="If set to 1, compression is used for file saving."/>
                <parameter key="Precision" value="8" type="2" description="Switch between uint8 and uint16 result image types."/>
                <parameter key="InputMinimum" value="-1" type="1" description="The minimum value of the output image."/>
                <parameter key="InputMaximum" value="0.2" type="1" description="The maximum value of the output image."/>
                <parameter key="OutputMinimum" value="0" type="1" description="The minimum value of the output image."/>
                <parameter key="OutputMaximum" value="1" type="1" description="The maximum value of the output image."/>
            </arguments>
        </item>
    </pipeline>
</xpiwit>
